{
  "$schema": "https://raw.githubusercontent.com/JanDeDobbeleer/oh-my-posh/main/themes/schema.json",
  "blocks": [
    {
      "type": "prompt",
      "alignment": "right",
      "vertical_offset": -1,
      "segments": [
        {
          "type": "time",
          "style": "plain",
          "foreground": "#007ACC",
          "properties": {
            "time_format": "15:04:05"
          }
        }
      ]
    },
    {
      "type": "prompt",
      "alignment": "left",
      "newline": true,
      "segments": [
        {
          "type": "session",
          "style": "powerline",
          "powerline_symbol": "\uE0B0",
          "foreground": "#100e23",
          "background": "#ffffff",
          "properties": {
            "template": "{{ .UserName }}@{{ .HostName }}"
          }
        },
        {
          "type": "path",
          "style": "powerline",
          "powerline_symbol": "\uE0B0",
          "foreground": "#100e23",
          "background": "#91ddff",
          "properties": {
            "home_icon": "\uF7DB",
            "folder_icon": "\uF115",
            "folder_separator_icon": " \uE0B1 ",
            "style": "agnoster"
          }
        },
        {
          "type": "git",
          "style": "powerline",
          "powerline_symbol": "\uE0B0",
          "foreground": "#193549",
          "background": "#95ffa4",
          "properties": {
            "template": "{{ .HEAD }}"
          }
        }
      ]
    }
  ],
  "final_space": true
}
