{
  "$schema": "https://raw.githubusercontent.com/JanDeDobbeleer/oh-my-posh/main/themes/schema.json",
  "blocks": [
    {
      "type": "prompt",
      "alignment": "left",
      "segments": [
        {
          "type": "session",
          "style": "diamond",
          "foreground": "#ffffff",
          "background": "#61AFEF",
          "leading_diamond": "\uE0B6",
          "trailing_diamond": "\uE0B0",
          "properties": {
            "template": "{{ .UserName }}@{{ .HostName }}"
          }
        },
        {
          "type": "path",
          "style": "powerline",
          "powerline_symbol": "\uE0B0",
          "foreground": "#ffffff",
          "background": "#C678DD",
          "properties": {
            "style": "full"
          }
        },
        {
          "type": "git",
          "style": "powerline",
          "powerline_symbol": "\uE0B0",
          "foreground": "#193549",
          "background": "#95ffa4",
          "properties": {
            "template": "{{ .HEAD }}"
          }
        },
        {
          "type": "python",
          "style": "diamond",
          "foreground": "#ffffff",
          "background": "#FF6471",
          "leading_diamond": "<transparent,background>\uE0B0</>",
          "trailing_diamond": "\uE0B4"
        }
      ]
    }
  ],
  "final_space": true
}
