{
  "$schema": "https://raw.githubusercontent.com/JanDeDobbeleer/oh-my-posh/main/themes/schema.json",
  "blocks":[
    {
      "type": "prompt",
      "alignment": "left",
      "segments": [
        {
          "type": "session",
          "style": "diamond",
          "leading_diamond": "\uE0B6",
          "trailing_diamond": "\uE0C6",
          "background": "#E36464",
          "foreground": "#fff",
          "properties": {
            "prefix": "",
            "template": "{{ .UserName }}"
          }
        },
        {
          "type":"path",
          "style": "diamond",
          "leading_diamond": "\uE0C7",
          "trailing_diamond": "\uE0C6",
          "background": "green",
          "foreground": "#fff",
          "properties": {
            "style": "folder"
          }
        },
        {
          "type": "git",
          "style": "diamond",
          "leading_diamond": "\uE0C7",
          "trailing_diamond": "\uE0C6",
          "background": "lightCyan",
          "foreground": "#fff",
          "properties": {
            "branch_icon": "",
            "template": "{{ .HEAD }}",
            "prefix": " git(",
            "postfix": ") "
          }
        },
        {
          "type": "time",
          "style": "diamond",
          "leading_diamond": "\uE0C7",
          "trailing_diamond": "\uE0C6",
          "foreground": "#fff",
          "background": "lightMagenta",
          "properties": {
            "time_format": "15:04"
          }
        }
      ]
    }
  ],
  "final_space": true
}
