{
  "$schema": "https://raw.githubusercontent.com/JanDeDobbeleer/oh-my-posh/main/themes/schema.json",
  "blocks": [
    {
      "type": "prompt",
      "alignment": "left",
      "segments": [
        {
          "type": "root",
          "style": "powerline",
          "powerline_symbol": "\uE0B0",
          "foreground": "#100e23",
          "background": "#ffe9aa"
        },
        {
          "type": "session",
          "style": "powerline",
          "powerline_symbol": "\uE0B0",
          "foreground": "#100e23",
          "background": "#ffffff",
          "properties": {
            "template": "{{ .UserName }}@{{ .HostName }}"
          }
        },
        {
          "type": "path",
          "style": "powerline",
          "powerline_symbol": "\uE0B0",
          "foreground": "#100e23",
          "background": "#91ddff",
          "properties": {
            "folder_icon": "\uF115",
            "folder_separator_icon": " \uE0B1 ",
            "style": "full"
          }
        },
        {
          "type": "git",
          "style": "powerline",
          "powerline_symbol": "\uE0B0",
          "foreground": "#193549",
          "background": "#95ffa4",
          "properties": {
            "template": "{{ .HEAD }}"
          }
        },
        {
          "type": "python",
          "style": "powerline",
          "powerline_symbol": "\uE0B0",
          "foreground": "#100e23",
          "background": "#906cff",
          "properties": {
            "prefix": " \uE235 "
          }
        },
        {
          "type": "exit",
          "style": "powerline",
          "powerline_symbol": "\uE0B0",
          "foreground": "#ffffff",
          "background": "#ff8080",
          "properties": {
            "template": "\uE20F"
          }
        }
      ]
    },
    {
      "type": "prompt",
      "alignment": "left",
      "newline": true,
      "segments": [
        {
          "type": "text",
          "style": "plain",
          "foreground": "#007ACC",
          "properties": {
            "prefix": "",
            "text": "\u276F"
          }
        }
      ]
    }
  ],
  "final_space": false
}
