{
  "$schema": "https://raw.githubusercontent.com/JanDeDobbeleer/oh-my-posh/main/themes/schema.json",
  "blocks": [
    {
      "type": "prompt",
      "alignment": "left",
      "segments": [
        {
          "type": "session",
          "style": "diamond",
          "foreground": "#ff0000",
          "background": "#333333",
          "leading_diamond": "\uE0B6",
          "trailing_diamond": "\uE0B0",
          "properties": {
            "template": "{{ .UserName }}@{{ .HostName }}"
          }
        },
        {
          "type": "spotify",
          "style": "powerline",
          "powerline_symbol": "\uE0B0",
          "foreground": "#434343",
          "background": "#1BD760",
          "properties": {
            "prefix": " \uF9C6 "
          }
        },
        {
          "type": "path",
          "style": "powerline",
          "powerline_symbol": "\uE0B0",
          "foreground": "#000000",
          "background": "#ff0000",
          "properties": {
            "prefix": " \uE5FF ",
            "style": "folder"
          }
        },
        {
          "type": "git",
          "style": "powerline",
          "powerline_symbol": "\uE0B0",
          "foreground": "#193549",
          "background": "#fffb38",
          "properties": {
            "fetch_stash_count": true,
            "fetch_upstream_icon": true,
            "template": "{{ .UpstreamIcon }}{{ .HEAD }}{{ if gt .StashCount 0 }} \uF692 {{ .StashCount }}{{ end }}"
          }
        },
        {
          "type": "node",
          "style": "powerline",
          "powerline_symbol": "\uE0B0",
          "foreground": "#ffffff",
          "background": "#6CA35E",
          "properties": {
            "prefix": " \uE718 "
          }
        },
        {
          "type": "shell",
          "style": "powerline",
          "powerline_symbol": "\uE0B0",
          "foreground": "#ffffff",
          "background": "#203248",
          "properties": {
            "prefix": " \uFCB5 "
          }
        },
        {
          "type": "root",
          "style": "powerline",
          "powerline_symbol": "\uE0B0",
          "foreground": "#ffffff",
          "background": "#ffff66"
        },
        {
          "type": "exit",
          "style": "plain",
          "foreground": "#ffffff",
          "background": "#2e9599",
          "background_templates": ["{{ if gt .Code 0 }}#f1184c{{ end }}"],
          "properties": {
            "always_enabled": true,
            "template": " \uE23A ",
            "prefix": "<transparent>\uE0B0</>",
            "postfix": "<background,transparent>\uE0B4</>"
          }
        }
      ]
    }
  ],
  "final_space": true
}
