{
  "$schema": "https://raw.githubusercontent.com/JanDeDobbeleer/oh-my-posh/main/themes/schema.json",
  "final_space": true,
  "console_title": true,
  "console_title_style": "template",
  "console_title_template": "{{.UserName}}@{{.HostName}} in {{ .Path }}",
  "blocks": [
    {
      "type": "prompt",
      "alignment": "left",
      "vertical_offset": 1,
      "segments": [
        {
          "type": "os",
          "style": "powerline",
          "powerline_symbol": "\uE0B0",
          "foreground": "#fff",
          "background": "#003543",
          "properties": {
            "windows": "\uE62A ",
            "postfix": ""
          }
        },
        {
          "type": "path",
          "style": "powerline",
          "powerline_symbol": "\uE0B0",
          "foreground": "#003544",
          "background": "#0087D8",
          "properties": {
            "prefix": " \uE5FF ",
            "style": "full",
            "folder_separator_icon": "/"
          }
        },
        {
          "type": "git",
          "style": "powerline",
          "powerline_symbol": "\uE0B0",
          "foreground": "#193549",
          "background": "#d2ff5e",
          "background_templates": [
            "{{ if or (.Working.Changed) (.Staging.Changed) }}#ff9248{{ end }}",
            "{{ if and (gt .Ahead 0) (gt .Behind 0) }}#f26d50{{ end }}",
            "{{ if gt .Ahead 0 }}#89d1dc{{ end }}",
            "{{ if gt .Behind 0 }}#f17c37{{ end }}"
          ],
          "properties": {
            "fetch_status": true,
            "fetch_stash_count": true,
            "fetch_upstream_icon": true,
            "template": "{{ .UpstreamIcon }}{{ .HEAD }}{{ .BranchStatus }}{{ if .Working.Changed }} \uF044 {{ .Working.String }}{{ end }}{{ if and (.Working.Changed) (.Staging.Changed) }} |{{ end }}{{ if .Staging.Changed }} \uF046 {{ .Staging.String }}{{ end }}{{ if gt .StashCount 0 }} \uF692 {{ .StashCount }}{{ end }}"
          }
        },
        {
          "type": "time",
          "style": "powerline",
          "powerline_symbol": "\uE0B0",
          "foreground": "#fff",
          "background": "#003543",
          "properties": {
            "prefix": "<#fff> \uf64f </>"
          }
        },
        {
          "type": "executiontime",
          "style": "diamond",
          "foreground": "#ffffff",
          "background": "#83769c",
          "leading_diamond": "",
          "trailing_diamond": "",
          "properties": {
            "always_enabled": true,
            "prefix": " \ufbab ",
            "postfix": "\u2800"
          }
        }
      ]
    },
    {
      "type": "prompt",
      "alignment": "left",
      "newline": true,
      "segments": [
        {
          "type": "root",
          "style": "plain",
          "foreground": "#fff",
          "properties": {
            "root_icon": "⚡"
          }
        },
        {
          "type": "text",
          "style": "plain",
          "foreground": "#f1184c",
          "properties": {
            "prefix": "",
            "text": "🦄"
          }
        }
      ]
    }
  ]
}
